                  epoch,         train/box_loss,         train/cls_loss,         train/dfl_loss,   metrics/precision(B),      metrics/recall(B),       metrics/mAP50(B),    metrics/mAP50-95(B),           val/box_loss,           val/cls_loss,           val/dfl_loss,                 lr/pg0,                 lr/pg1,                 lr/pg2
                      1,                 1.3756,                 4.1014,                 1.2548,                0.20288,                0.12897,                0.05383,                0.03533,                 1.2569,                  3.355,                 1.2094,             0.00015109,             0.00015109,             0.00015109
                      2,                 1.3284,                 3.3214,                 1.2161,                 0.2205,                0.20246,                0.09347,                0.06531,                 1.2096,                 3.0171,                 1.1725,             0.00015289,             0.00015289,             0.00015289
